Numero,Nome,Tipos
001,Bulbasaur,"['Grass', 'Poison']"
002,Ivysaur,"['Grass', 'Poison']"
003,Venusaur,"['Grass', 'Poison']"
004,Charmander,['Fire']
005,Charmeleon,['Fire']
006,Charizard,"['Flying', 'Fire']"
007,Squirtle,['Water']
008,Wartortle,['Water']
009,Blastoise,['Water']
010,Caterpie,['Bug']
011,Metapod,['Bug']
012,Butterfree,"['Flying', 'Bug']"
013,Weedle,"['Poison', 'Bug']"
014,Kakuna,"['Poison', 'Bug']"
015,Beedrill,"['Poison', 'Bug']"
016,Pidgey,"['Normal', 'Flying']"
017,Pidgeotto,"['Normal', 'Flying']"
018,Pidgeot,"['Normal', 'Flying']"
019,Rattata,['Normal']
020,Raticate,['Normal']
021,Spearow,"['Normal', 'Flying']"
022,Fearow,"['Normal', 'Flying']"
023,Ekans,['Poison']
024,Arbok,['Poison']
025,Pikachu,['Electric']
026,Raichu,['Electric']
027,Sandshrew,['Ground']
028,Sandslash,['Ground']
029,Nidoran♀,['Poison']
030,Nidorina,['Poison']
031,Nidoqueen,"['Poison', 'Ground']"
032,Nidoran♂,['Poison']
033,Nidorino,['Poison']
034,Nidoking,"['Poison', 'Ground']"
035,Clefairy,['Fairy']
036,Clefable,['Fairy']
037,Vulpix,['Fire']
038,Ninetales,['Fire']
039,Jigglypuff,"['Normal', 'Fairy']"
040,Wigglytuff,"['Normal', 'Fairy']"
041,Zubat,"['Poison', 'Flying']"
042,Golbat,"['Poison', 'Flying']"
043,Oddish,"['Grass', 'Poison']"
044,Gloom,"['Grass', 'Poison']"
045,Vileplume,"['Grass', 'Poison']"
046,Paras,"['Grass', 'Bug']"
047,Parasect,"['Grass', 'Bug']"
048,Venonat,"['Poison', 'Bug']"
049,Venomoth,"['Poison', 'Bug']"
050,Diglett,['Ground']
051,Dugtrio,['Ground']
052,Meowth,['Normal']
053,Persian,['Normal']
054,Psyduck,['Water']
055,Golduck,['Water']
056,Mankey,['Fighting']
057,Primeape,['Fighting']
058,Growlithe,['Fire']
059,Arcanine,['Fire']
060,Poliwag,['Water']
061,Poliwhirl,['Water']
062,Poliwrath,"['Water', 'Fighting']"
063,Abra,['Psychic']
064,Kadabra,['Psychic']
065,Alakazam,['Psychic']
066,Machop,['Fighting']
067,Machoke,['Fighting']
068,Machamp,['Fighting']
069,Bellsprout,"['Grass', 'Poison']"
070,Weepinbell,"['Grass', 'Poison']"
071,Victreebel,"['Grass', 'Poison']"
072,Tentacool,"['Water', 'Poison']"
073,Tentacruel,"['Water', 'Poison']"
074,Geodude,"['Ground', 'Rock']"
075,Graveler,"['Ground', 'Rock']"
076,Golem,"['Ground', 'Rock']"
077,Ponyta,['Fire']
078,Rapidash,['Fire']
079,Slowpoke,"['Water', 'Psychic']"
080,Slowbro,"['Water', 'Psychic']"
081,Magnemite,"['Steel', 'Electric']"
082,Magneton,"['Steel', 'Electric']"
083,Farfetch'd,"['Normal', 'Flying']"
084,Doduo,"['Normal', 'Flying']"
085,Dodrio,"['Normal', 'Flying']"
086,Seel,['Water']
087,Dewgong,"['Water', 'Ice']"
088,Grimer,['Poison']
089,Muk,['Poison']
090,Shellder,['Water']
091,Cloyster,"['Water', 'Ice']"
092,Gastly,"['Poison', 'Ghost']"
093,Haunter,"['Poison', 'Ghost']"
094,Gengar,"['Poison', 'Ghost']"
095,Onix,"['Ground', 'Rock']"
096,Drowzee,['Psychic']
097,Hypno,['Psychic']
098,Krabby,['Water']
099,Kingler,['Water']
100,Voltorb,['Electric']
101,Electrode,['Electric']
102,Exeggcute,"['Grass', 'Psychic']"
103,Exeggutor,"['Grass', 'Psychic']"
104,Cubone,['Ground']
105,Marowak,['Ground']
106,Hitmonlee,['Fighting']
107,Hitmonchan,['Fighting']
108,Lickitung,['Normal']
109,Koffing,['Poison']
110,Weezing,['Poison']
111,Rhyhorn,"['Ground', 'Rock']"
112,Rhydon,"['Ground', 'Rock']"
113,Chansey,['Normal']
114,Tangela,['Grass']
115,Kangaskhan,['Normal']
116,Horsea,['Water']
117,Seadra,['Water']
118,Goldeen,['Water']
119,Seaking,['Water']
120,Staryu,['Water']
121,Starmie,"['Water', 'Psychic']"
122,Mr. Mime,"['Fairy', 'Psychic']"
123,Scyther,"['Flying', 'Bug']"
124,Jynx,"['Ice', 'Psychic']"
125,Electabuzz,['Electric']
126,Magmar,['Fire']
127,Pinsir,['Bug']
128,Tauros,['Normal']
129,Magikarp,['Water']
130,Gyarados,"['Water', 'Flying']"
131,Lapras,"['Water', 'Ice']"
132,Ditto,['Normal']
133,Eevee,['Normal']
134,Vaporeon,['Water']
135,Jolteon,['Electric']
136,Flareon,['Fire']
137,Porygon,['Normal']
138,Omanyte,"['Water', 'Rock']"
139,Omastar,"['Water', 'Rock']"
140,Kabuto,"['Water', 'Rock']"
141,Kabutops,"['Water', 'Rock']"
142,Aerodactyl,"['Flying', 'Rock']"
143,Snorlax,['Normal']
144,Articuno,"['Ice', 'Flying']"
145,Zapdos,"['Flying', 'Electric']"
146,Moltres,"['Flying', 'Fire']"
147,Dratini,['Dragon']
148,Dragonair,['Dragon']
149,Dragonite,"['Dragon', 'Flying']"
150,Mewtwo,['Psychic']
151,Mew,['Psychic']
152,Chikorita,['Grass']
153,Bayleef,['Grass']
154,Meganium,['Grass']
155,Cyndaquil,['Fire']
156,Quilava,['Fire']
157,Typhlosion,['Fire']
158,Totodile,['Water']
159,Croconaw,['Water']
160,Feraligatr,['Water']
161,Sentret,['Normal']
162,Furret,['Normal']
163,Hoothoot,"['Normal', 'Flying']"
164,Noctowl,"['Normal', 'Flying']"
165,Ledyba,"['Flying', 'Bug']"
166,Ledian,"['Flying', 'Bug']"
167,Spinarak,"['Poison', 'Bug']"
168,Ariados,"['Poison', 'Bug']"
169,Crobat,"['Poison', 'Flying']"
170,Chinchou,"['Water', 'Electric']"
171,Lanturn,"['Water', 'Electric']"
172,Pichu,['Electric']
173,Cleffa,['Fairy']
174,Igglybuff,"['Normal', 'Fairy']"
175,Togepi,['Fairy']
176,Togetic,"['Flying', 'Fairy']"
177,Natu,"['Flying', 'Psychic']"
178,Xatu,"['Flying', 'Psychic']"
179,Mareep,['Electric']
180,Flaaffy,['Electric']
181,Ampharos,['Electric']
182,Bellossom,['Grass']
183,Marill,"['Water', 'Fairy']"
184,Azumarill,"['Water', 'Fairy']"
185,Sudowoodo,['Rock']
186,Politoed,['Water']
187,Hoppip,"['Grass', 'Flying']"
188,Skiploom,"['Grass', 'Flying']"
189,Jumpluff,"['Grass', 'Flying']"
190,Aipom,['Normal']
191,Sunkern,['Grass']
192,Sunflora,['Grass']
193,Yanma,"['Flying', 'Bug']"
194,Wooper,"['Water', 'Ground']"
195,Quagsire,"['Water', 'Ground']"
196,Espeon,['Psychic']
197,Umbreon,['Dark']
198,Murkrow,"['Flying', 'Dark']"
199,Slowking,"['Water', 'Psychic']"
200,Misdreavus,['Ghost']
201,Unown,['Psychic']
202,Wobbuffet,['Psychic']
203,Girafarig,"['Normal', 'Psychic']"
204,Pineco,['Bug']
205,Forretress,"['Steel', 'Bug']"
206,Dunsparce,['Normal']
207,Gligar,"['Flying', 'Ground']"
208,Steelix,"['Steel', 'Ground']"
209,Snubbull,['Fairy']
210,Granbull,['Fairy']
211,Qwilfish,"['Water', 'Poison']"
212,Scizor,"['Steel', 'Bug']"
213,Shuckle,"['Rock', 'Bug']"
214,Heracross,"['Fighting', 'Bug']"
215,Sneasel,"['Ice', 'Dark']"
216,Teddiursa,['Normal']
217,Ursaring,['Normal']
218,Slugma,['Fire']
219,Magcargo,"['Fire', 'Rock']"
220,Swinub,"['Ice', 'Ground']"
221,Piloswine,"['Ice', 'Ground']"
222,Corsola,"['Water', 'Rock']"
223,Remoraid,['Water']
224,Octillery,['Water']
225,Delibird,"['Ice', 'Flying']"
226,Mantine,"['Water', 'Flying']"
227,Skarmory,"['Steel', 'Flying']"
228,Houndour,"['Fire', 'Dark']"
229,Houndoom,"['Fire', 'Dark']"
230,Kingdra,"['Water', 'Dragon']"
231,Phanpy,['Ground']
232,Donphan,['Ground']
233,Porygon2,['Normal']
234,Stantler,['Normal']
235,Smeargle,['Normal']
236,Tyrogue,['Fighting']
237,Hitmontop,['Fighting']
238,Smoochum,"['Ice', 'Psychic']"
239,Elekid,['Electric']
240,Magby,['Fire']
241,Miltank,['Normal']
242,Blissey,['Normal']
243,Raikou,['Electric']
244,Entei,['Fire']
245,Suicune,['Water']
246,Larvitar,"['Ground', 'Rock']"
247,Pupitar,"['Ground', 'Rock']"
248,Tyranitar,"['Dark', 'Rock']"
249,Lugia,"['Flying', 'Psychic']"
250,Ho-Oh,"['Flying', 'Fire']"
251,Celebi,"['Grass', 'Psychic']"
252,Treecko,['Grass']
253,Grovyle,['Grass']
254,Sceptile,['Grass']
255,Torchic,['Fire']
256,Combusken,"['Fighting', 'Fire']"
257,Blaziken,"['Fighting', 'Fire']"
258,Mudkip,['Water']
259,Marshtomp,"['Water', 'Ground']"
260,Swampert,"['Water', 'Ground']"
261,Poochyena,['Dark']
262,Mightyena,['Dark']
263,Zigzagoon,['Normal']
264,Linoone,['Normal']
265,Wurmple,['Bug']
266,Silcoon,['Bug']
267,Beautifly,"['Flying', 'Bug']"
268,Cascoon,['Bug']
269,Dustox,"['Poison', 'Bug']"
270,Lotad,"['Water', 'Grass']"
271,Lombre,"['Water', 'Grass']"
272,Ludicolo,"['Water', 'Grass']"
273,Seedot,['Grass']
274,Nuzleaf,"['Grass', 'Dark']"
275,Shiftry,"['Grass', 'Dark']"
276,Taillow,"['Normal', 'Flying']"
277,Swellow,"['Normal', 'Flying']"
278,Wingull,"['Water', 'Flying']"
279,Pelipper,"['Water', 'Flying']"
280,Ralts,"['Fairy', 'Psychic']"
281,Kirlia,"['Fairy', 'Psychic']"
282,Gardevoir,"['Fairy', 'Psychic']"
283,Surskit,"['Water', 'Bug']"
284,Masquerain,"['Flying', 'Bug']"
285,Shroomish,['Grass']
286,Breloom,"['Grass', 'Fighting']"
287,Slakoth,['Normal']
288,Vigoroth,['Normal']
289,Slaking,['Normal']
290,Nincada,"['Ground', 'Bug']"
291,Ninjask,"['Flying', 'Bug']"
292,Shedinja,"['Ghost', 'Bug']"
293,Whismur,['Normal']
294,Loudred,['Normal']
295,Exploud,['Normal']
296,Makuhita,['Fighting']
297,Hariyama,['Fighting']
298,Azurill,"['Normal', 'Fairy']"
299,Nosepass,['Rock']
300,Skitty,['Normal']
301,Delcatty,['Normal']
302,Sableye,"['Ghost', 'Dark']"
303,Mawile,"['Steel', 'Fairy']"
304,Aron,"['Steel', 'Rock']"
305,Lairon,"['Steel', 'Rock']"
306,Aggron,"['Steel', 'Rock']"
307,Meditite,"['Fighting', 'Psychic']"
308,Medicham,"['Fighting', 'Psychic']"
309,Electrike,['Electric']
310,Manectric,['Electric']
311,Plusle,['Electric']
312,Minun,['Electric']
313,Volbeat,['Bug']
314,Illumise,['Bug']
315,Roselia,"['Grass', 'Poison']"
316,Gulpin,['Poison']
317,Swalot,['Poison']
318,Carvanha,"['Water', 'Dark']"
319,Sharpedo,"['Water', 'Dark']"
320,Wailmer,['Water']
321,Wailord,['Water']
322,Numel,"['Fire', 'Ground']"
323,Camerupt,"['Fire', 'Ground']"
324,Torkoal,['Fire']
325,Spoink,['Psychic']
326,Grumpig,['Psychic']
327,Spinda,['Normal']
328,Trapinch,['Ground']
329,Vibrava,"['Dragon', 'Ground']"
330,Flygon,"['Dragon', 'Ground']"
331,Cacnea,['Grass']
332,Cacturne,"['Grass', 'Dark']"
333,Swablu,"['Normal', 'Flying']"
334,Altaria,"['Dragon', 'Flying']"
335,Zangoose,['Normal']
336,Seviper,['Poison']
337,Lunatone,"['Rock', 'Psychic']"
338,Solrock,"['Rock', 'Psychic']"
339,Barboach,"['Water', 'Ground']"
340,Whiscash,"['Water', 'Ground']"
341,Corphish,['Water']
342,Crawdaunt,"['Water', 'Dark']"
343,Baltoy,"['Ground', 'Psychic']"
344,Claydol,"['Ground', 'Psychic']"
345,Lileep,"['Grass', 'Rock']"
346,Cradily,"['Grass', 'Rock']"
347,Anorith,"['Bug', 'Rock']"
348,Armaldo,"['Bug', 'Rock']"
349,Feebas,['Water']
350,Milotic,['Water']
351,Castform,['Normal']
352,Kecleon,['Normal']
353,Shuppet,['Ghost']
354,Banette,['Ghost']
355,Duskull,['Ghost']
356,Dusclops,['Ghost']
357,Tropius,"['Grass', 'Flying']"
358,Chimecho,['Psychic']
359,Absol,['Dark']
360,Wynaut,['Psychic']
361,Snorunt,['Ice']
362,Glalie,['Ice']
363,Spheal,"['Ice', 'Water']"
364,Sealeo,"['Ice', 'Water']"
365,Walrein,"['Ice', 'Water']"
366,Clamperl,['Water']
367,Huntail,['Water']
368,Gorebyss,['Water']
369,Relicanth,"['Water', 'Rock']"
370,Luvdisc,['Water']
371,Bagon,['Dragon']
372,Shelgon,['Dragon']
373,Salamence,"['Dragon', 'Flying']"
374,Beldum,"['Steel', 'Psychic']"
375,Metang,"['Steel', 'Psychic']"
376,Metagross,"['Steel', 'Psychic']"
377,Regirock,['Rock']
378,Regice,['Ice']
379,Registeel,['Steel']
380,Latias,"['Dragon', 'Psychic']"
381,Latios,"['Dragon', 'Psychic']"
382,Kyogre,['Water']
383,Groudon,['Ground']
384,Rayquaza,"['Dragon', 'Flying']"
385,Jirachi,"['Steel', 'Psychic']"
386,Deoxys,['Psychic']
387,Turtwig,['Grass']
388,Grotle,['Grass']
389,Torterra,"['Grass', 'Ground']"
390,Chimchar,['Fire']
391,Monferno,"['Fighting', 'Fire']"
392,Infernape,"['Fighting', 'Fire']"
393,Piplup,['Water']
394,Prinplup,['Water']
395,Empoleon,"['Water', 'Steel']"
396,Starly,"['Normal', 'Flying']"
397,Staravia,"['Normal', 'Flying']"
398,Staraptor,"['Normal', 'Flying']"
399,Bidoof,['Normal']
400,Bibarel,"['Normal', 'Water']"
401,Kricketot,['Bug']
402,Kricketune,['Bug']
403,Shinx,['Electric']
404,Luxio,['Electric']
405,Luxray,['Electric']
406,Budew,"['Grass', 'Poison']"
407,Roserade,"['Grass', 'Poison']"
408,Cranidos,['Rock']
409,Rampardos,['Rock']
410,Shieldon,"['Steel', 'Rock']"
411,Bastiodon,"['Steel', 'Rock']"
412,Burmy,['Bug']
413,Wormadam,"['Grass', 'Ground', 'Bug', 'Steel']"
414,Mothim,"['Flying', 'Bug']"
415,Combee,"['Flying', 'Bug']"
416,Vespiquen,"['Flying', 'Bug']"
417,Pachirisu,['Electric']
418,Buizel,['Water']
419,Floatzel,['Water']
420,Cherubi,['Grass']
421,Cherrim,['Grass']
422,Shellos,['Water']
423,Gastrodon,"['Water', 'Ground']"
424,Ambipom,['Normal']
425,Drifloon,"['Flying', 'Ghost']"
426,Drifblim,"['Flying', 'Ghost']"
427,Buneary,['Normal']
428,Lopunny,['Normal']
429,Mismagius,['Ghost']
430,Honchkrow,"['Flying', 'Dark']"
431,Glameow,['Normal']
432,Purugly,['Normal']
433,Chingling,['Psychic']
434,Stunky,"['Poison', 'Dark']"
435,Skuntank,"['Poison', 'Dark']"
436,Bronzor,"['Steel', 'Psychic']"
437,Bronzong,"['Steel', 'Psychic']"
438,Bonsly,['Rock']
439,Mime Jr.,"['Fairy', 'Psychic']"
440,Happiny,['Normal']
441,Chatot,"['Normal', 'Flying']"
442,Spiritomb,"['Ghost', 'Dark']"
443,Gible,"['Dragon', 'Ground']"
444,Gabite,"['Dragon', 'Ground']"
445,Garchomp,"['Dragon', 'Ground']"
446,Munchlax,['Normal']
447,Riolu,['Fighting']
448,Lucario,"['Steel', 'Fighting']"
449,Hippopotas,['Ground']
450,Hippowdon,['Ground']
451,Skorupi,"['Poison', 'Bug']"
452,Drapion,"['Poison', 'Dark']"
453,Croagunk,"['Fighting', 'Poison']"
454,Toxicroak,"['Fighting', 'Poison']"
455,Carnivine,['Grass']
456,Finneon,['Water']
457,Lumineon,['Water']
458,Mantyke,"['Water', 'Flying']"
459,Snover,"['Grass', 'Ice']"
460,Abomasnow,"['Grass', 'Ice']"
461,Weavile,"['Ice', 'Dark']"
462,Magnezone,"['Steel', 'Electric']"
463,Lickilicky,['Normal']
464,Rhyperior,"['Ground', 'Rock']"
465,Tangrowth,['Grass']
466,Electivire,['Electric']
467,Magmortar,['Fire']
468,Togekiss,"['Flying', 'Fairy']"
469,Yanmega,"['Flying', 'Bug']"
470,Leafeon,['Grass']
471,Glaceon,['Ice']
472,Gliscor,"['Flying', 'Ground']"
473,Mamoswine,"['Ice', 'Ground']"
474,Porygon-Z,['Normal']
475,Gallade,"['Fighting', 'Psychic']"
476,Probopass,"['Steel', 'Rock']"
477,Dusknoir,['Ghost']
478,Froslass,"['Ice', 'Ghost']"
479,Rotom,"['Ghost', 'Electric']"
480,Uxie,['Psychic']
481,Mesprit,['Psychic']
482,Azelf,['Psychic']
483,Dialga,"['Steel', 'Dragon']"
484,Palkia,"['Water', 'Dragon']"
485,Heatran,"['Steel', 'Fire']"
486,Regigigas,['Normal']
487,Giratina,"['Dragon', 'Ghost']"
488,Cresselia,['Psychic']
489,Phione,['Water']
490,Manaphy,['Water']
491,Darkrai,['Dark']
492,Shaymin,['Grass']
493,Arceus,['Normal']
494,Victini,"['Fire', 'Psychic']"
495,Snivy,['Grass']
496,Servine,['Grass']
497,Serperior,['Grass']
498,Tepig,['Fire']
499,Pignite,"['Fighting', 'Fire']"
500,Emboar,"['Fighting', 'Fire']"
501,Oshawott,['Water']
502,Dewott,['Water']
503,Samurott,['Water']
504,Patrat,['Normal']
505,Watchog,['Normal']
506,Lillipup,['Normal']
507,Herdier,['Normal']
508,Stoutland,['Normal']
509,Purrloin,['Dark']
510,Liepard,['Dark']
511,Pansage,['Grass']
512,Simisage,['Grass']
513,Pansear,['Fire']
514,Simisear,['Fire']
515,Panpour,['Water']
516,Simipour,['Water']
517,Munna,['Psychic']
518,Musharna,['Psychic']
519,Pidove,"['Normal', 'Flying']"
520,Tranquill,"['Normal', 'Flying']"
521,Unfezant,"['Normal', 'Flying']"
522,Blitzle,['Electric']
523,Zebstrika,['Electric']
524,Roggenrola,['Rock']
525,Boldore,['Rock']
526,Gigalith,['Rock']
527,Woobat,"['Flying', 'Psychic']"
528,Swoobat,"['Flying', 'Psychic']"
529,Drilbur,['Ground']
530,Excadrill,"['Steel', 'Ground']"
531,Audino,['Normal']
532,Timburr,['Fighting']
533,Gurdurr,['Fighting']
534,Conkeldurr,['Fighting']
535,Tympole,['Water']
536,Palpitoad,"['Water', 'Ground']"
537,Seismitoad,"['Water', 'Ground']"
538,Throh,['Fighting']
539,Sawk,['Fighting']
540,Sewaddle,"['Grass', 'Bug']"
541,Swadloon,"['Grass', 'Bug']"
542,Leavanny,"['Grass', 'Bug']"
543,Venipede,"['Poison', 'Bug']"
544,Whirlipede,"['Poison', 'Bug']"
545,Scolipede,"['Poison', 'Bug']"
546,Cottonee,"['Grass', 'Fairy']"
547,Whimsicott,"['Grass', 'Fairy']"
548,Petilil,['Grass']
549,Lilligant,['Grass']
550,Basculin,['Water']
551,Sandile,"['Ground', 'Dark']"
552,Krokorok,"['Ground', 'Dark']"
553,Krookodile,"['Ground', 'Dark']"
554,Darumaka,['Fire']
555,Darmanitan,['Fire']
556,Maractus,['Grass']
557,Dwebble,"['Rock', 'Bug']"
558,Crustle,"['Rock', 'Bug']"
559,Scraggy,"['Fighting', 'Dark']"
560,Scrafty,"['Fighting', 'Dark']"
561,Sigilyph,"['Flying', 'Psychic']"
562,Yamask,['Ghost']
563,Cofagrigus,['Ghost']
564,Tirtouga,"['Water', 'Rock']"
565,Carracosta,"['Water', 'Rock']"
566,Archen,"['Flying', 'Rock']"
567,Archeops,"['Flying', 'Rock']"
568,Trubbish,['Poison']
569,Garbodor,['Poison']
570,Zorua,['Dark']
571,Zoroark,['Dark']
572,Minccino,['Normal']
573,Cinccino,['Normal']
574,Gothita,['Psychic']
575,Gothorita,['Psychic']
576,Gothitelle,['Psychic']
577,Solosis,['Psychic']
578,Duosion,['Psychic']
579,Reuniclus,['Psychic']
580,Ducklett,"['Water', 'Flying']"
581,Swanna,"['Water', 'Flying']"
582,Vanillite,['Ice']
583,Vanillish,['Ice']
584,Vanilluxe,['Ice']
585,Deerling,"['Normal', 'Grass']"
586,Sawsbuck,"['Normal', 'Grass']"
587,Emolga,"['Flying', 'Electric']"
588,Karrablast,['Bug']
589,Escavalier,"['Steel', 'Bug']"
590,Foongus,"['Grass', 'Poison']"
591,Amoonguss,"['Grass', 'Poison']"
592,Frillish,"['Water', 'Ghost']"
593,Jellicent,"['Water', 'Ghost']"
594,Alomomola,['Water']
595,Joltik,"['Bug', 'Electric']"
596,Galvantula,"['Bug', 'Electric']"
597,Ferroseed,"['Grass', 'Steel']"
598,Ferrothorn,"['Grass', 'Steel']"
599,Klink,['Steel']
600,Klang,['Steel']
601,Klinklang,['Steel']
602,Tynamo,['Electric']
603,Eelektrik,['Electric']
604,Eelektross,['Electric']
605,Elgyem,['Psychic']
606,Beheeyem,['Psychic']
607,Litwick,"['Fire', 'Ghost']"
608,Lampent,"['Fire', 'Ghost']"
609,Chandelure,"['Fire', 'Ghost']"
610,Axew,['Dragon']
611,Fraxure,['Dragon']
612,Haxorus,['Dragon']
613,Cubchoo,['Ice']
614,Beartic,['Ice']
615,Cryogonal,['Ice']
616,Shelmet,['Bug']
617,Accelgor,['Bug']
618,Stunfisk,"['Ground', 'Electric']"
619,Mienfoo,['Fighting']
620,Mienshao,['Fighting']
621,Druddigon,['Dragon']
622,Golett,"['Ghost', 'Ground']"
623,Golurk,"['Ghost', 'Ground']"
624,Pawniard,"['Steel', 'Dark']"
625,Bisharp,"['Steel', 'Dark']"
626,Bouffalant,['Normal']
627,Rufflet,"['Normal', 'Flying']"
628,Braviary,"['Normal', 'Flying']"
629,Vullaby,"['Flying', 'Dark']"
630,Mandibuzz,"['Flying', 'Dark']"
631,Heatmor,['Fire']
632,Durant,"['Steel', 'Bug']"
633,Deino,"['Dragon', 'Dark']"
634,Zweilous,"['Dragon', 'Dark']"
635,Hydreigon,"['Dragon', 'Dark']"
636,Larvesta,"['Fire', 'Bug']"
637,Volcarona,"['Fire', 'Bug']"
638,Cobalion,"['Steel', 'Fighting']"
639,Terrakion,"['Fighting', 'Rock']"
640,Virizion,"['Grass', 'Fighting']"
641,Tornadus,['Flying']
642,Thundurus,"['Flying', 'Electric']"
643,Reshiram,"['Dragon', 'Fire']"
644,Zekrom,"['Dragon', 'Electric']"
645,Landorus,"['Flying', 'Ground']"
646,Kyurem,"['Dragon', 'Ice']"
647,Keldeo,"['Water', 'Fighting']"
648,Meloetta,"['Normal', 'Psychic']"
649,Genesect,"['Steel', 'Bug']"
650,Chespin,['Grass']
651,Quilladin,['Grass']
652,Chesnaught,"['Grass', 'Fighting']"
653,Fennekin,['Fire']
654,Braixen,['Fire']
655,Delphox,"['Fire', 'Psychic']"
656,Froakie,['Water']
657,Frogadier,['Water']
658,Greninja,"['Water', 'Dark']"
659,Bunnelby,['Normal']
660,Diggersby,"['Normal', 'Ground']"
661,Fletchling,"['Normal', 'Flying']"
662,Fletchinder,"['Flying', 'Fire']"
663,Talonflame,"['Flying', 'Fire']"
664,Scatterbug,['Bug']
665,Spewpa,['Bug']
666,Vivillon,"['Flying', 'Bug']"
667,Litleo,"['Normal', 'Fire']"
668,Pyroar,"['Normal', 'Fire']"
669,Flabébé,['Fairy']
670,Floette,['Fairy']
671,Florges,['Fairy']
672,Skiddo,['Grass']
673,Gogoat,['Grass']
674,Pancham,['Fighting']
675,Pangoro,"['Fighting', 'Dark']"
676,Furfrou,['Normal']
677,Espurr,['Psychic']
678,Meowstic,['Psychic']
679,Honedge,"['Steel', 'Ghost']"
680,Doublade,"['Steel', 'Ghost']"
681,Aegislash,"['Steel', 'Ghost']"
682,Spritzee,['Fairy']
683,Aromatisse,['Fairy']
684,Swirlix,['Fairy']
685,Slurpuff,['Fairy']
686,Inkay,"['Dark', 'Psychic']"
687,Malamar,"['Dark', 'Psychic']"
688,Binacle,"['Water', 'Rock']"
689,Barbaracle,"['Water', 'Rock']"
690,Skrelp,"['Water', 'Poison']"
691,Dragalge,"['Dragon', 'Poison']"
692,Clauncher,['Water']
693,Clawitzer,['Water']
694,Helioptile,"['Normal', 'Electric']"
695,Heliolisk,"['Normal', 'Electric']"
696,Tyrunt,"['Dragon', 'Rock']"
697,Tyrantrum,"['Dragon', 'Rock']"
698,Amaura,"['Ice', 'Rock']"
699,Aurorus,"['Ice', 'Rock']"
700,Sylveon,['Fairy']
701,Hawlucha,"['Fighting', 'Flying']"
702,Dedenne,"['Fairy', 'Electric']"
703,Carbink,"['Fairy', 'Rock']"
704,Goomy,['Dragon']
705,Sliggoo,['Dragon']
706,Goodra,['Dragon']
707,Klefki,"['Steel', 'Fairy']"
708,Phantump,"['Grass', 'Ghost']"
709,Trevenant,"['Grass', 'Ghost']"
710,Pumpkaboo,"['Grass', 'Ghost']"
711,Gourgeist,"['Grass', 'Ghost']"
712,Bergmite,['Ice']
713,Avalugg,['Ice']
714,Noibat,"['Dragon', 'Flying']"
715,Noivern,"['Dragon', 'Flying']"
716,Xerneas,['Fairy']
717,Yveltal,"['Flying', 'Dark']"
718,Zygarde,"['Dragon', 'Ground']"
719,Diancie,"['Fairy', 'Rock']"
720,Hoopa,"['Ghost', 'Psychic']"
721,Volcanion,"['Water', 'Fire']"
722,Rowlet,"['Grass', 'Flying']"
723,Dartrix,"['Grass', 'Flying']"
724,Decidueye,"['Grass', 'Ghost']"
725,Litten,['Fire']
726,Torracat,['Fire']
727,Incineroar,"['Fire', 'Dark']"
728,Popplio,['Water']
729,Brionne,['Water']
730,Primarina,"['Water', 'Fairy']"
731,Pikipek,"['Normal', 'Flying']"
732,Trumbeak,"['Normal', 'Flying']"
733,Toucannon,"['Normal', 'Flying']"
734,Yungoos,['Normal']
735,Gumshoos,['Normal']
736,Grubbin,['Bug']
737,Charjabug,"['Bug', 'Electric']"
738,Vikavolt,"['Bug', 'Electric']"
739,Crabrawler,['Fighting']
740,Crabominable,"['Ice', 'Fighting']"
741,Oricorio,"['Electric', 'Psychic', 'Ghost', 'Fire', 'Flying']"
742,Cutiefly,"['Fairy', 'Bug']"
743,Ribombee,"['Fairy', 'Bug']"
744,Rockruff,['Rock']
745,Lycanroc,['Rock']
746,Wishiwashi,['Water']
747,Mareanie,"['Water', 'Poison']"
748,Toxapex,"['Water', 'Poison']"
749,Mudbray,['Ground']
750,Mudsdale,['Ground']
751,Dewpider,"['Water', 'Bug']"
752,Araquanid,"['Water', 'Bug']"
753,Fomantis,['Grass']
754,Lurantis,['Grass']
755,Morelull,"['Grass', 'Fairy']"
756,Shiinotic,"['Grass', 'Fairy']"
757,Salandit,"['Poison', 'Fire']"
758,Salazzle,"['Poison', 'Fire']"
759,Stufful,"['Normal', 'Fighting']"
760,Bewear,"['Normal', 'Fighting']"
761,Bounsweet,['Grass']
762,Steenee,['Grass']
763,Tsareena,['Grass']
764,Comfey,['Fairy']
765,Oranguru,"['Normal', 'Psychic']"
766,Passimian,['Fighting']
767,Wimpod,"['Water', 'Bug']"
768,Golisopod,"['Water', 'Bug']"
769,Sandygast,"['Ghost', 'Ground']"
770,Palossand,"['Ghost', 'Ground']"
771,Pyukumuku,['Water']
772,Type: Null,['Normal']
773,Silvally,['Normal']
774,Minior,"['Flying', 'Rock']"
775,Komala,['Normal']
776,Turtonator,"['Dragon', 'Fire']"
777,Togedemaru,"['Steel', 'Electric']"
778,Mimikyu,"['Fairy', 'Ghost']"
779,Bruxish,"['Water', 'Psychic']"
780,Drampa,"['Normal', 'Dragon']"
781,Dhelmise,"['Grass', 'Ghost']"
782,Jangmo-o,['Dragon']
783,Hakamo-o,"['Dragon', 'Fighting']"
784,Kommo-o,"['Dragon', 'Fighting']"
785,Tapu Koko,"['Fairy', 'Electric']"
786,Tapu Lele,"['Fairy', 'Psychic']"
787,Tapu Bulu,"['Grass', 'Fairy']"
788,Tapu Fini,"['Water', 'Fairy']"
789,Cosmog,['Psychic']
790,Cosmoem,['Psychic']
791,Solgaleo,"['Steel', 'Psychic']"
792,Lunala,"['Ghost', 'Psychic']"
793,Nihilego,"['Poison', 'Rock']"
794,Buzzwole,"['Fighting', 'Bug']"
795,Pheromosa,"['Fighting', 'Bug']"
796,Xurkitree,['Electric']
797,Celesteela,"['Steel', 'Flying']"
798,Kartana,"['Grass', 'Steel']"
799,Guzzlord,"['Dragon', 'Dark']"
800,Necrozma,['Psychic']
801,Magearna,"['Steel', 'Fairy']"
802,Marshadow,"['Fighting', 'Ghost']"
803,Poipole,['Poison']
804,Naganadel,"['Dragon', 'Poison']"
805,Stakataka,"['Steel', 'Rock']"
806,Blacephalon,"['Ghost', 'Fire']"
807,Zeraora,['Electric']
808,Meltan,['Steel']
809,Melmetal,['Steel']
810,Grookey,['Grass']
811,Thwackey,['Grass']
812,Rillaboom,['Grass']
813,Scorbunny,['Fire']
814,Raboot,['Fire']
815,Cinderace,['Fire']
816,Sobble,['Water']
817,Drizzile,['Water']
818,Inteleon,['Water']
819,Skwovet,['Normal']
820,Greedent,['Normal']
821,Rookidee,['Flying']
822,Corvisquire,['Flying']
823,Corviknight,"['Steel', 'Flying']"
824,Blipbug,['Bug']
825,Dottler,"['Bug', 'Psychic']"
826,Orbeetle,"['Bug', 'Psychic']"
827,Nickit,['Dark']
828,Thievul,['Dark']
829,Gossifleur,['Grass']
830,Eldegoss,['Grass']
831,Wooloo,['Normal']
832,Dubwool,['Normal']
833,Chewtle,['Water']
834,Drednaw,"['Water', 'Rock']"
835,Yamper,['Electric']
836,Boltund,['Electric']
837,Rolycoly,['Rock']
838,Carkol,"['Fire', 'Rock']"
839,Coalossal,"['Fire', 'Rock']"
840,Applin,"['Grass', 'Dragon']"
841,Flapple,"['Grass', 'Dragon']"
842,Appletun,"['Grass', 'Dragon']"
843,Silicobra,['Ground']
844,Sandaconda,['Ground']
845,Cramorant,"['Water', 'Flying']"
846,Arrokuda,['Water']
847,Barraskewda,['Water']
848,Toxel,"['Poison', 'Electric']"
849,Toxtricity,"['Poison', 'Electric']"
850,Sizzlipede,"['Fire', 'Bug']"
851,Centiskorch,"['Fire', 'Bug']"
852,Clobbopus,['Fighting']
853,Grapploct,['Fighting']
854,Sinistea,['Ghost']
855,Polteageist,['Ghost']
856,Hatenna,['Psychic']
857,Hattrem,['Psychic']
858,Hatterene,"['Fairy', 'Psychic']"
859,Impidimp,"['Fairy', 'Dark']"
860,Morgrem,"['Fairy', 'Dark']"
861,Grimmsnarl,"['Fairy', 'Dark']"
862,Obstagoon,"['Normal', 'Dark']"
863,Perrserker,['Steel']
864,Cursola,['Ghost']
865,Sirfetch'd,['Fighting']
866,Mr. Rime,"['Ice', 'Psychic']"
867,Runerigus,"['Ghost', 'Ground']"
868,Milcery,['Fairy']
869,Alcremie,['Fairy']
870,Falinks,['Fighting']
871,Pincurchin,['Electric']
872,Snom,"['Ice', 'Bug']"
873,Frosmoth,"['Ice', 'Bug']"
874,Stonjourner,['Rock']
875,Eiscue,['Ice']
876,Indeedee,"['Normal', 'Psychic']"
877,Morpeko,"['Dark', 'Electric']"
878,Cufant,['Steel']
879,Copperajah,['Steel']
880,Dracozolt,"['Dragon', 'Electric']"
881,Arctozolt,"['Ice', 'Electric']"
882,Dracovish,"['Water', 'Dragon']"
883,Arctovish,"['Water', 'Ice']"
884,Duraludon,"['Steel', 'Dragon']"
885,Dreepy,"['Dragon', 'Ghost']"
886,Drakloak,"['Dragon', 'Ghost']"
887,Dragapult,"['Dragon', 'Ghost']"
888,Zacian,"['Steel', 'Fairy']"
889,Zamazenta,"['Steel', 'Fighting']"
890,Eternatus,"['Dragon', 'Poison']"
891,Kubfu,['Fighting']
892,Urshifu,"['Fighting', 'Dark']"
893,Zarude,"['Grass', 'Dark']"
894,Regieleki,['Electric']
895,Regidrago,['Dragon']
896,Glastrier,['Ice']
897,Spectrier,['Ghost']
898,Calyrex,"['Grass', 'Psychic']"
899,Wyrdeer,"['Normal', 'Psychic']"
900,Kleavor,"['Rock', 'Bug']"
901,Ursaluna,"['Normal', 'Ground']"
902,Basculegion,"['Ghost', 'water']"
903,Sneasler,"['Fighting', 'Poison']"
904,Overqwil,"['Poison', 'Dark']"
905,Enamorus,"['Flying', 'Fairy']"
906,Sprigatito,['Grass']
907,Floragato,['Grass']
908,Meowscarada,"['Grass', 'Dark']"
909,Fuecoco,['Fire']
910,Crocalor,['Fire']
911,Skeledirge,"['Ghost', 'Fire']"
912,Quaxly,['Water']
913,Quaxwell,['Water']
914,Quaquaval,"['Water', 'Fighting']"
915,Lechonk,['Normal']
916,Oinkologne,['Normal']
917,Tarountula,['Bug']
918,Spidops,['Bug']
919,Nymble,['Bug']
920,Lokix,"['Dark', 'Bug']"
921,Pawmi,['Electric']
922,Pawmo,"['Fighting', 'Electric']"
923,Pawmot,"['Fighting', 'Electric']"
924,Tandemaus,['Normal']
925,Maushold,['Normal']
926,Fidough,['Fairy']
927,Dachsbun,['Fairy']
928,Smoliv,"['Grass', 'Normal']"
929,Dolliv,"['Grass', 'Normal']"
930,Arboliva,"['Grass', 'Normal']"
931,Squawkabilly,"['Normal', 'Flying']"
932,Nacli,['Rock']
933,Naclstack,['Rock']
934,Garganacl,['Rock']
935,Charcadet,['Fire']
936,Armarouge,"['Fire', 'Psychic']"
937,Ceruledge,"['Ghost', 'Fire']"
938,Tadbulb,['Electric']
939,Bellibolt,['Electric']
940,Wattrel,"['Flying', 'Electric']"
941,Kilowattrel,"['Flying', 'Electric']"
942,Maschiff,['Dark']
943,Mabosstiff,['Dark']
944,Shroodle,"['Normal', 'Poison']"
945,Grafaiai,"['Normal', 'Poison']"
946,Bramblin,"['Grass', 'Ghost']"
947,Brambleghast,"['Grass', 'Ghost']"
948,Toedscool,"['Grass', 'Ground']"
949,Toedscruel,"['Grass', 'Ground']"
950,Klawf,['Rock']
951,Capsakid,['Grass']
952,Scovillain,"['Grass', 'Fire']"
953,Rellor,['Bug']
954,Rabsca,"['Bug', 'Psychic']"
955,Flittle,['Psychic']
956,Espathra,['Psychic']
957,Tinkatink,"['Steel', 'Fairy']"
958,Tinkatuff,"['Steel', 'Fairy']"
959,Tinkaton,"['Steel', 'Fairy']"
960,Wiglett,['Water']
961,Wugtrio,['Water']
962,Bombirdier,"['Flying', 'Dark']"
963,Finizen,['Water']
964,Palafin,['Water']
965,Varoom,"['Steel', 'Poison']"
966,Revavroom,"['Steel', 'Poison']"
967,Cyclizar,"['Dragon', 'Normal']"
968,Orthworm,['Steel']
969,Glimmet,"['Poison', 'Rock']"
970,Glimmora,"['Poison', 'Rock']"
971,Greavard,['Ghost']
972,Houndstone,['Ghost']
973,Flamigo,"['Fighting', 'Flying']"
974,Cetoddle,['Ice']
975,Cetitan,['Ice']
976,Veluza,"['Water', 'Psychic']"
977,Dondozo,['Water']
978,Tatsugiri,"['Dragon', 'Water']"
979,Annihilape,"['Fighting', 'Ghost']"
980,Clodsire,"['Poison', 'Ground']"
981,Farigiraf,"['Normal', 'Psychic']"
982,Dudunsparce,['Normal']
983,Kingambit,"['Steel', 'Dark']"
984,Great Tusk,"['Fighting', 'Ground']"
985,Scream Tail,"['Fairy', 'Psychic']"
986,Brute Bonnet,"['Grass', 'Dark']"
987,Flutter Mane,"['Fairy', 'Ghost']"
988,Slither Wing,"['Fighting', 'Bug']"
989,Sandy Shocks,"['Ground', 'Electric']"
990,Iron Treads,"['Steel', 'Ground']"
991,Iron Bundle,"['Ice', 'Water']"
992,Iron Hands,"['Fighting', 'Electric']"
993,Iron Jugulis,"['Flying', 'Dark']"
994,Iron Moth,"['Poison', 'Fire']"
995,Iron Thorns,"['Rock', 'Electric']"
996,Frigibax,"['Dragon', 'Ice']"
997,Arctibax,"['Dragon', 'Ice']"
998,Baxcalibur,"['Dragon', 'Ice']"
999,Gimmighoul,['Ghost']
1000,Gholdengo,"['Steel', 'Ghost']"
1001,Wo-Chien,"['Grass', 'Dark']"
1002,Chien-Pao,"['Ice', 'Dark']"
1003,Ting-Lu,"['Ground', 'Dark']"
1004,Chi-Yu,"['Fire', 'Dark']"
1005,Roaring Moon,"['Dragon', 'Dark']"
1006,Iron Valiant,"['Fighting', 'Fairy']"
1007,Koraidon,"['Dragon', 'Fighting']"
1008,Miraidon,"['Dragon', 'Electric']"
1009,Walking Wake,"['Water', 'Dragon']"
1010,Iron Leaves,"['Grass', 'Psychic']"
1011,Dipplin,"['Grass', 'Dragon']"
1012,Poltchageist,"['Grass', 'Ghost']"
1013,Sinistcha,"['Grass', 'Ghost']"
1014,Okidogi,"['Fighting', 'Poison']"
1015,Munkidori,"['Poison', 'Psychic']"
1016,Fezandipiti,"['Poison', 'Fairy']"
1017,Ogerpon,['Grass']
1018,Archaludon,"['Steel', 'Dragon']"
1019,Hydrapple,"['Grass', 'Dragon']"
1020,Gouging Fire,"['Dragon', 'Fire']"
1021,Raging Bolt,"['Dragon', 'Electric']"
1022,Iron Boulder,"['Rock', 'Psychic']"
1023,Iron Crown,"['Steel', 'Psychic']"
1024,Terapagos,['Normal']
1025,Pecharunt,"['Poison', 'Ghost']"
